War ID,War Name,Country,Start Year,End Year
300,Allied Bombardment of Algiers,Netherlands,1816,1816.0
300,Allied Bombardment of Algiers,United Kingdom,1816,1816.0
301,Ottoman-Wahhabi,Ottoman Empire,1816,1818.0
302,Liberation of Chile,Spain,1817,1818.0
303,First Bolivar Expedition,Spain,1817,1819.0
304,Mexican Independence,Spain,1817,1818.0
305,British-Kandyan,United Kingdom,1817,1818.0
306,British-Maratha,United Kingdom,1817,1818.0
307,Ottoman Conquest of Sudan,Ottoman Empire,1820,1821.0
308,Second Bolivar Expedition,Spain,1821,1822.0
309,Turco-Persian,Ottoman Empire,1821,1822.0
310,First British-Burmese,United Kingdom,1823,1826.0
311,First British-Ashanti,United Kingdom,1824,1826.0
312,Liberation of Peru,Spain,1824,1825.0
313,Dutch - Javanese,Netherlands,1825,1830.0
314,British-Bharatpuran,United Kingdom,1825,1826.0
315,Brazil-Argentine,Brazil,1826,1828.0
316,Russo-Persian,Russia,1826,1828.0
317,Spanish Reconquest of Mexico,Spain,1829,1829.0
319,French Occupation of Algiers,France,1830,1830.0
320,Ottoman-Bilmez-Asiri War,Ottoman Empire,1832,1837.0
321,First British-Zulu,United Kingdom,1838,1838.0
322,First British-Afghan,United Kingdom,1839,1842.0
323,First Opium,United Kingdom,1839,1842.0
324,First Franco-Algerian,France,1839,1847.0
325,Peru-Bolivian,Peru,1841,1841.0
326,British-Sind,United Kingdom,1843,1843.0
327,Uruguay War,Argentina,1843,1851.0
327,Uruguay War,-8,1845,1849.0
327,Uruguay War,-8,1845,1849.0
329,Gwalior,United Kingdom,1843,1843.0
330,Franco-Moroccan,France,1844,1844.0
331,First British-Sikh,United Kingdom,1845,1846.0
332,Cracow Revolt,Russia,1846,1846.0
332,Cracow Revolt,Prussia,1846,1846.0
332,Cracow Revolt,Austria,1846,1846.0
333,First British-Xhosa,United Kingdom,1846,1847.0
334,First Dutch-Bali,Netherlands,1848,1848.0
335,Second British-Sikh,United Kingdom,1848,1849.0
336,Chinese Pirates,United Kingdom,1849,1849.0
337,Second British-Xhosa,United Kingdom,1850,1852.0
338,Ottoman-Yam,Turkey/Ottoman Empire/Egypt,1851,1851.0
339,Second British-Burmese,United Kingdom,1852,1852.0
340,French-Tukulor War,France,1854,1857.0
341,British-Santal,United Kingdom,1855,1856.0
342,Hodeida Seige,Ottoman Empire,1856,1856.0
343,Second Opium,United Kingdom,1856,1860.0
343,Second Opium,France,1856,1860.0
345,French Conquest of Kabylia,France,1856,1857.0
347,Indian Mutiny,United Kingdom,1857,1859.0
349,First Franco-Vietnamese,France,1858,1862.0
350,Netherlands-Bone,Netherlands,1859,1860.0
351,Argentine-Buenos Aires,Argentina,1859,1859.0
352,Garibaldi Expedition,Two Sicilies,1860,1860.0
353,Spanish-Santo Dominican,Spain,1863,1865.0
355,British-Maori,United Kingdom,1863,1866.0
356,Shimonoseki War,United States,1863,1864.0
356,Shimonoseki War,United Kingdom,1864,1864.0
356,Shimonoseki War,Netherlands,1864,1864.0
356,Shimonoseki War,France,1863,1864.0
357,British Umbeyla Campaign,United Kingdom,1863,1863.0
359,Russian-Kokand,Russia,1864,1865.0
360,British-Bhutanese,United Kingdom,1865,1865.0
361,Russian-Bukharan,Russia,1866,1866.0
362,British-Ethiopian,United Kingdom,1867,1868.0
363,First Spanish-Cuban,Spain,1868,1878.0
364,Attack on Bahr el-Ghazal,Egypt,1869,1870.0
365,Ottoman Conquest of Arabia,Ottoman Empire,1870,1872.0
366,Second Franco-Algerian,France,1871,1872.0
367,Second British-Ashanti,United Kingdom,1873,1874.0
369,Second Franco-Vietnamese,France,1873,1874.0
370,First Dutch-Achinese,Netherlands,1873,1878.0
371,Kokand Rebellion,Russia,1875,1876.0
372,Egyptian-Ethiopian,Egypt,1875,1876.0
373,Serbian-Turkish,Ottoman Empire,1876,1877.0
374,Third British-Xhosa,United Kingdom,1877,1878.0
375,Egypt-Sudanese Slavers,Egypt,1878,1879.0
376,Russo-Turkoman,Russia,1878,1881.0
377,Austrian-Bosnian,Austria-Hungary,1878,1878.0
379,Second British-Afghan,United Kingdom,1878,1879.0
380,Second British-Zulu,United Kingdom,1879,1879.0
381,Gun War,United Kingdom,1880,1881.0
382,First Boer War,United Kingdom,1880,1881.0
383,Franco-Tunisian,France,1881,1882.0
384,First British-Mahdi,Egypt,1881,1882.0
384,First British-Mahdi,United Kingdom,1881,1885.0
385,Third Franco-Vietnamese,France,1882,1884.0
385,Third Franco-Vietnamese,-8,1883,1884.0
386,First Franco-Madagascan,France,1883,1885.0
387,Third British-Burmese,United Kingdom,1885,1889.0
389,French-Mandinka,France,1885,1886.0
390,Russo-Afghan,Russia,1885,1885.0
391,Serbian-Bulgarian,Serbia,1885,1885.0
392,First Italian-Ethiopian,Italy,1887,1887.0
393,Zambezi Conquest,Portugal,1888,1888.0
394,First Franco-Dahomeyan,France,1890,1890.0
395,Franco-Jolof,France,1890,1891.0
396,Second Franco-Dahomeyan,France,1892,1893.0
397,Belgian-Tib,Belgium,1892,1894.0
398,Third British-Ashanti,United Kingdom,1893,1894.0
399,Melilla War,Spain,1893,1894.0
400,Mahdist-Italian,Italy,1893,1894.0
401,Second Franco-Madagascan,France,1894,1895.0
402,Second Dutch-Bali,Netherlands,1894,1894.0
403,Portuguese-Gaza Empire,Portugal,1895,1895.0
404,Second Spanish-Cuban,Spain,1895,1898.0
405,Japan-Taiwanese,Japan,1895,1895.0
406,Mazrui Rebellion,United Kingdom,1895,1896.0
407,Second Italian-Ethiopian,Italy,1895,1896.0
409,Second British-Mahdi,United Kingdom,1896,1899.0
410,Spanish-Philippine,Spain,1896,1898.0
411,British-South Nigerian,United Kingdom,1897,1897.0
412,British-Pathan,United Kingdom,1897,1898.0
413,Hut Tax,United Kingdom,1898,1898.0
414,American-Philippine,United States of America,1899,1902.0
415,French Conquest of Chad,France,1899,1900.0
416,Second Boer War,United Kingdom,1899,1902.0
417,Last Ashanti War,United Kingdom,1900,1900.0
419,Somali Rebellion,United Kingdom,1901,1904.0
419,Somali Rebellion,Ethiopia,1901,1904.0
420,Bailundu Revolt,Portugal,1902,1903.0
421,Kuanhama Rebellion,Portugal,1902,1904.0
422,British Conquest of Kano & Sokoto,United Kingdom,1903,1903.0
423,South West African Revolt,Germany,1904,1906.0
424,Second Dutch-Achinese,Netherlands,1904,1907.0
425,Younghusband Expedition,United Kingdom,1904,1904.0
426,Maji-Maji Revolt,Germany,1905,1906.0
427,Sokoto Uprising,United Kingdom,1906,1906.0
429,Third British-Zulu,United Kingdom,1906,1906.0
430,Dembos War,Portugal,1907,1910.0
431,Anti-Foreign Revolt,France,1907,1910.0
432,Japan-Korean Guerrillas,Japan,1907,1910.0
433,French Conquest of Wadai,France,1909,1911.0
434,French-Berber,France,1912,1912.0
435,First Sino-Tibetan,China,1912,1913.0
436,Moroccan Berber,France,1913,1915.0
436,Moroccan Berber,Spain,1913,1914.0
437,Moro Rebellion,United States,1913,1913.0
440,Second Sino-Tibetan,China,1918,1918.0
441,Caco Revolt,United States,1918,1920.0
442,Third British-Afghan,United Kingdom,1919,1919.0
443,First British-Waziristan,United Kingdom,1919,1920.0
444,Franco-Syrian,France,1920,1920.0
445,Iraqi-British,United Kingdom,1920,1920.0
446,Conquest of Mongolia,USSR,1921,1921.0
446,Conquest of Mongolia,China,1920,1921.0
447,Italian-Sanusi,Italy,1923,1931.0
449,Rif Rebellion,France,1925,1926.0
449,Rif Rebellion,Spain,1921,1926.0
450,Moplah Rebellion,United Kingdom,1921,1922.0
451,Franco-Druze,France,1925,1927.0
452,Yen Bai Uprising,France,1930,1931.0
453,Saya San's Rebellion,United Kingdom,1930,1932.0
454,British-Palestinian,United Kingdom,1936,1936.0
455,Second British-Waziristan,United Kingdom,1936,1938.0
456,Indonesian,United Kingdom,1945,1946.0
456,Indonesian,Netherlands,1945,1946.0
457,French-Indochina,France,1946,1954.0
459,Third Franco-Madagascan,France,1947,1948.0
460,Malayan Rebellion,United Kingdom,1948,1957.0
461,Indo-Hyderabad,India,1948,1948.0
462,Third Sino-Tibetan,China,1950,1950.0
463,Franco-Tunisian,France,1952,1954.0
464,British-Mau Mau,United Kingdom,1952,1956.0
465,Moroccan Independence,France,1953,1956.0
466,Third Franco-Algerian,France,1954,1962.0
467,French-Cameroon,France,1957,1958.0
469,Angolan-Portuguese,Portugal,1961,1974.0
471,Mozambique-Portuguese,Portugal,1964,1975.0
472,"East Timorese, Phase 2",Indonesia,1975,1976.0
473,Namibian,South Africa,1975,1988.0
474,Western Saharan,Morocco,1975,1983.0
474,Western Saharan,-8,1976,1976.0
474,Western Saharan,Mauritania,1975,1979.0
475,Khmer Insurgency,Vietnam,1979,1989.0
475,Khmer Insurgency,Cambodia,1979,1989.0
476,Soviet Quagmire,USSR,1980,1989.0
476,Soviet Quagmire,Afghanistan,1980,1989.0
477,First PKK in Iraq,Turkey,1991,1992.0
479,Second PKK in Iraq,Turkey,1997,1997.0
480,Al Aqsa Intifada,Israel,2000,2003.0
481,Afghan Resistance,France,2001,-7.0
481,Afghan Resistance,Australia,2001,-7.0
481,Afghan Resistance,Germany,2001,-7.0
481,Afghan Resistance,United Kingdom,2001,-7.0
481,Afghan Resistance,Canada,2001,-7.0
481,Afghan Resistance,United States,2001,-7.0
481,Afghan Resistance,Afghanistan,2001,-7.0
482,Iraqi Resistance,Australia,2003,-7.0
482,Iraqi Resistance,United States,2003,-7.0
482,Iraqi Resistance,United Kingdom,2003,-7.0
482,Iraqi Resistance,Netherlands,2004,2005.0
482,Iraqi Resistance,Spain,2004,2004.0
482,Iraqi Resistance,Poland,2004,2006.0
482,Iraqi Resistance,Italy,2004,-7.0
482,Iraqi Resistance,Ukraine,2004,2005.0
482,Iraqi Resistance,Iraq,2004,-7.0
482,Iraqi Resistance,Republic of Korea,2004,-7.0
300,Allied Bombardment of Algiers,-8,1816,1816.0
300,Allied Bombardment of Algiers,Algeria,1816,1816.0
301,Ottoman-Wahhabi,Saudi Wahhabis,1816,1818.0
302,Liberation of Chile,San Martin revolutionaries,1817,1818.0
303,First Bolivar Expedition,New Granada,1817,1819.0
304,Mexican Independence,Mina Expedition,1817,1818.0
305,British-Kandyan,Kandyan rebels,1817,1818.0
306,British-Maratha,Marathas,1817,1818.0
307,Ottoman Conquest of Sudan,Sudan states,1820,1821.0
308,Second Bolivar Expedition,New Granada,1821,1822.0
309,Turco-Persian,Persia,1821,1822.0
310,First British-Burmese,Burma,1823,1826.0
311,First British-Ashanti,Ashanti-Ghana,1824,1826.0
312,Liberation of Peru,Latin American revolutionaries,1824,1825.0
313,Dutch - Javanese,Javanese rebels,1825,1830.0
314,British-Bharatpuran,Bharatpuran rebels,1825,1826.0
315,Brazil-Argentine,Argentina,1826,1828.0
316,Russo-Persian,Persia,1826,1828.0
317,Spanish Reconquest of Mexico,Mexico,1829,1829.0
319,French Occupation of Algiers,Algeria,1830,1830.0
320,Ottoman-Bilmez-Asiri War,Bilmez-Asiri,1832,1837.0
321,First British-Zulu,Zulu tribe,1838,1838.0
322,First British-Afghan,Afghanistan,1839,1842.0
323,First Opium,China,1839,1842.0
324,First Franco-Algerian,Algerian forces,1839,1847.0
325,Peru-Bolivian,Bolivia,1841,1841.0
326,British-Sind,Sind,1843,1843.0
327,Uruguay War,Uruguay,1843,1851.0
327,Uruguay War,United Kingdom,1845,1849.0
327,Uruguay War,France,1845,1849.0
329,Gwalior,Gwalior,1843,1843.0
330,Franco-Moroccan,Morocco,1844,1844.0
331,First British-Sikh,Sikhs,1845,1846.0
332,Cracow Revolt,-8,1846,1846.0
332,Cracow Revolt,-8,1846,1846.0
332,Cracow Revolt,Cracow,1846,1846.0
333,First British-Xhosa,Khosa,1846,1847.0
334,First Dutch-Bali,Bali,1848,1848.0
335,Second British-Sikh,Sikhs,1848,1849.0
336,Chinese Pirates,Chinese Pirates,1849,1849.0
337,Second British-Xhosa,Xhosa,1850,1852.0
338,Ottoman-Yam,Yam,1851,1851.0
339,Second British-Burmese,Burma,1852,1852.0
340,French-Tukulor War,Tukulor,1854,1857.0
341,British-Santal,Santal,1855,1856.0
342,Hodeida Seige,Beni Aseer tribe,1856,1856.0
343,Second Opium,China,1856,1860.0
343,Second Opium,-8,1856,1860.0
345,French Conquest of Kabylia,Kabylia,1856,1857.0
347,Indian Mutiny,Indian sepoys,1857,1859.0
349,First Franco-Vietnamese,Vietnam,1858,1862.0
350,Netherlands-Bone,Bone,1859,1860.0
351,Argentine-Buenos Aires,Buenos Aires,1859,1859.0
352,Garibaldi Expedition,Red Shirts,1860,1860.0
353,Spanish-Santo Dominican,Santo Domingo,1863,1865.0
355,British-Maori,New Zealand Maori,1863,1866.0
356,Shimonoseki War,Choshu Daimyo,1863,1864.0
356,Shimonoseki War,-8,1864,1864.0
356,Shimonoseki War,-8,1864,1864.0
356,Shimonoseki War,-8,1863,1864.0
357,British Umbeyla Campaign,Pathan tribe,1863,1863.0
359,Russian-Kokand,Kokand,1864,1865.0
360,British-Bhutanese,Bhutan,1865,1865.0
361,Russian-Bukharan,Bukhara,1866,1866.0
362,British-Ethiopian,Ethiopians,1867,1868.0
363,First Spanish-Cuban,Cuba,1868,1878.0
364,Attack on Bahr el-Ghazal,Bahr el-Ghazal,1869,1870.0
365,Ottoman Conquest of Arabia,"Yemen, Asir, Hasa",1870,1872.0
366,Second Franco-Algerian,Algeria,1871,1872.0
367,Second British-Ashanti,Ashanti,1873,1874.0
369,Second Franco-Vietnamese,Vietnam,1873,1874.0
370,First Dutch-Achinese,Aceh,1873,1878.0
371,Kokand Rebellion,Kokand,1875,1876.0
372,Egyptian-Ethiopian,Ethiopia,1875,1876.0
373,Serbian-Turkish,"Serbia, Montenegro",1876,1877.0
374,Third British-Xhosa,S. Africa Xhosa,1877,1878.0
375,Egypt-Sudanese Slavers,Sudanese Slavers,1878,1879.0
376,Russo-Turkoman,Turkomans,1878,1881.0
377,Austrian-Bosnian,Bosnia,1878,1878.0
379,Second British-Afghan,Afghanistan,1878,1879.0
380,Second British-Zulu,Zulu,1879,1879.0
381,Gun War,Basuto,1880,1881.0
382,First Boer War,Transvaal,1880,1881.0
383,Franco-Tunisian,Tunisia,1881,1882.0
384,First British-Mahdi,-8,1881,1882.0
384,First British-Mahdi,Mahdist Empire,1881,1885.0
385,Third Franco-Vietnamese,"Vietnam, Black Flag",1882,1884.0
385,Third Franco-Vietnamese,China,1883,1884.0
386,First Franco-Madagascan,Madagasar,1883,1885.0
387,Third British-Burmese,Burma,1885,1889.0
389,French-Mandinka,Mandinka,1885,1886.0
390,Russo-Afghan,Afghanistan,1885,1885.0
391,Serbian-Bulgarian,Bulgaria,1885,1885.0
392,First Italian-Ethiopian,Ethiopia,1887,1887.0
393,Zambezi Conquest,Prazero da Cruz,1888,1888.0
394,First Franco-Dahomeyan,Dahomey,1890,1890.0
395,Franco-Jolof,Jolof/Tukulor,1890,1891.0
396,Second Franco-Dahomeyan,Dahomey,1892,1893.0
397,Belgian-Tib,Tippu Tib Empire,1892,1894.0
398,Third British-Ashanti,Ashanti,1893,1894.0
399,Melilla War,Rif tribes,1893,1894.0
400,Mahdist-Italian,Mahdist Empire,1893,1894.0
401,Second Franco-Madagascan,Madagasar,1894,1895.0
402,Second Dutch-Bali,Bali,1894,1894.0
403,Portuguese-Gaza Empire,Gaza Empire,1895,1895.0
404,Second Spanish-Cuban,Cuba,1895,1898.0
405,Japan-Taiwanese,Taiwanese,1895,1895.0
406,Mazrui Rebellion,Mazrui clan of Kenya,1895,1896.0
407,Second Italian-Ethiopian,Ethiopia,1895,1896.0
409,Second British-Mahdi,Mahdist Empire,1896,1899.0
410,Spanish-Philippine,Philippines,1896,1898.0
411,British-South Nigerian,Nigeria,1897,1897.0
412,British-Pathan,Pathans,1897,1898.0
413,Hut Tax,Sierra Leone rebels,1898,1898.0
414,American-Philippine,Philippines,1899,1902.0
415,French Conquest of Chad,Rabih az-Zubayr,1899,1900.0
416,Second Boer War,Boer Republics,1899,1902.0
417,Last Ashanti War,Ashanti,1900,1900.0
419,Somali Rebellion,Mohammad Abdullah Hassan�s Dervishes,1901,1904.0
419,Somali Rebellion,-8,1901,1904.0
420,Bailundu Revolt,Bailundu of Angola,1902,1903.0
421,Kuanhama Rebellion,Kuanhama of Angola,1902,1904.0
422,British Conquest of Kano & Sokoto,Kano & Sokoto,1903,1903.0
423,South West African Revolt,Herero & Nama,1904,1906.0
424,Second Dutch-Achinese,Aceh,1904,1907.0
425,Younghusband Expedition,Tibet,1904,1904.0
426,Maji-Maji Revolt,Maji-Maji in Tanganyika,1905,1906.0
427,Sokoto Uprising,Mahdist rebels,1906,1906.0
429,Third British-Zulu,Zulu,1906,1906.0
430,Dembos War,Dembos,1907,1910.0
431,Anti-Foreign Revolt,Sheikh Ma Al-Ainie,1907,1910.0
432,Japan-Korean Guerrillas,Korea,1907,1910.0
433,French Conquest of Wadai,Wadai sultanate,1909,1911.0
434,French-Berber,Berbers,1912,1912.0
435,First Sino-Tibetan,Tibet,1912,1913.0
436,Moroccan Berber,Berbers,1913,1915.0
436,Moroccan Berber,Berbers,1913,1914.0
437,Moro Rebellion,Moro,1913,1913.0
440,Second Sino-Tibetan,Tibet,1918,1918.0
441,Caco Revolt,Caco Rebels,1918,1920.0
442,Third British-Afghan,Afghanistan,1919,1919.0
443,First British-Waziristan,Waziristan,1919,1920.0
444,Franco-Syrian,Syrians,1920,1920.0
445,Iraqi-British,Iraq,1920,1920.0
446,Conquest of Mongolia,-8,1921,1921.0
446,Conquest of Mongolia,Baron von Ungern-Sternberg�s White army,1920,1921.0
447,Italian-Sanusi,Sanusi tribe,1923,1931.0
449,Rif Rebellion,-8,1925,1926.0
449,Rif Rebellion,Riffs,1921,1926.0
450,Moplah Rebellion,Muslim Moplahs,1921,1922.0
451,Franco-Druze,Druze,1925,1927.0
452,Yen Bai Uprising,Vietnamese Nationalists,1930,1931.0
453,Saya San's Rebellion,Peasant Rebels,1930,1932.0
454,British-Palestinian,Palestinians,1936,1936.0
455,Second British-Waziristan,Pathan tribes,1936,1938.0
456,Indonesian,-8,1945,1946.0
456,Indonesian,Indonesia,1945,1946.0
457,French-Indochina,Vietminh,1946,1954.0
459,Third Franco-Madagascan,Madagascar,1947,1948.0
460,Malayan Rebellion,Malayan Communists,1948,1957.0
461,Indo-Hyderabad,Hyderabad,1948,1948.0
462,Third Sino-Tibetan,Tibet,1950,1950.0
463,Franco-Tunisian,Tunisia,1952,1954.0
464,British-Mau Mau,Mau Mau,1952,1956.0
465,Moroccan Independence,Morocco,1953,1956.0
466,Third Franco-Algerian,Algeria,1954,1962.0
467,French-Cameroon,UPC,1957,1958.0
469,Angolan-Portuguese,Angola,1961,1974.0
471,Mozambique-Portuguese,Mozambique,1964,1975.0
472,"East Timorese, Phase 2",Fretilin & UDT,1975,1976.0
473,Namibian,SWAPO-Namibia,1975,1988.0
474,Western Saharan,Polisario,1975,1983.0
474,Western Saharan,Algeria,1976,1976.0
474,Western Saharan,-8,1975,1979.0
475,Khmer Insurgency,Khmer Rouge,1979,1989.0
475,Khmer Insurgency,-8,1979,1989.0
476,Soviet Quagmire,Muhajadin,1980,1989.0
476,Soviet Quagmire,-8,1980,1989.0
477,First PKK in Iraq,PKK in Iraq,1991,1992.0
479,Second PKK in Iraq,PKK in Iraq,1997,1997.0
480,Al Aqsa Intifada,Palestinians,2000,2003.0
481,Afghan Resistance,-8,2001,-7.0
481,Afghan Resistance,-8,2001,-7.0
481,Afghan Resistance,-8,2001,-7.0
481,Afghan Resistance,-8,2001,-7.0
481,Afghan Resistance,-8,2001,-7.0
481,Afghan Resistance,al-Qaeda & Taliban,2001,-7.0
481,Afghan Resistance,-8,2001,-7.0
482,Iraqi Resistance,-8,2003,-7.0
482,Iraqi Resistance,al-Qaeda & Iraqi resistence,2003,-7.0
482,Iraqi Resistance,-8,2003,-7.0
482,Iraqi Resistance,-8,2004,2005.0
482,Iraqi Resistance,-8,2004,2004.0
482,Iraqi Resistance,-8,2004,2006.0
482,Iraqi Resistance,-8,2004,-7.0
482,Iraqi Resistance,-8,2004,2005.0
482,Iraqi Resistance,-8,2004,-7.0
482,Iraqi Resistance,-8,2004,-7.0
1,Franco-Spanish War,Spain,1823,1823.0
1,Franco-Spanish War,France,1823,1823.0
4,First Russo-Turkish,Ottoman Empire,1828,1829.0
4,First Russo-Turkish,Russia,1828,1829.0
7,Mexican-American,Mexico,1846,1847.0
7,Mexican-American,United States of America,1846,1847.0
10,Austro-Sardinian,Tuscany,1848,1848.0
10,Austro-Sardinian,Italy,1848,1848.0
10,Austro-Sardinian,Austria,1848,1848.0
10,Austro-Sardinian,Modena,1848,1848.0
13,First Schleswig-Holstein,Prussia,1848,1848.0
13,First Schleswig-Holstein,Denmark,1848,1848.0
16,Roman Republic,France,1849,1849.0
16,Roman Republic,Two Sicilies,1849,1849.0
16,Roman Republic,Austria,1849,1849.0
16,Roman Republic,Papal States,1849,1849.0
19,La Plata,Argentina,1851,1852.0
19,La Plata,Brazil,1851,1852.0
22,Crimean,Turkey,1853,1856.0
22,Crimean,Italy,1855,1856.0
22,Crimean,France,1854,1856.0
22,Crimean,United Kingdom,1854,1856.0
22,Crimean,Russia,1853,1856.0
25,Anglo-Persian,United Kingdom,1856,1857.0
25,Anglo-Persian,Iran,1856,1857.0
28,Italian Unification,Sardinia/Piedmont,1859,1859.0
28,Italian Unification,Austria,1859,1859.0
28,Italian Unification,France,1859,1859.0
31,First Spanish-Moroccan,Morocco,1859,1860.0
31,First Spanish-Moroccan,Spain,1859,1860.0
34,Italian-Roman,Sardinia/Piedmont,1860,1860.0
34,Italian-Roman,Papal States,1860,1860.0
37,Neapolitan,Two Sicilies,1860,1861.0
37,Neapolitan,Sardinia/Piedmont,1860,1861.0
40,Franco-Mexican,Mexico,1862,1867.0
40,Franco-Mexican,France,1862,1867.0
43,Ecuadorian-Colombian,Colombia,1863,1863.0
43,Ecuadorian-Colombian,Ecuador,1863,1863.0
46,Second Schleswig-Holstein,Germany,1864,1864.0
46,Second Schleswig-Holstein,Denmark,1864,1864.0
46,Second Schleswig-Holstein,Austria,1864,1864.0
49,Lopez,Argentina,1865,1870.0
49,Lopez,Paraguay,1864,1870.0
49,Lopez,Brazil,1864,1870.0
52,Naval War,Chile,1865,1866.0
52,Naval War,Peru,1866,1866.0
52,Naval War,Spain,1865,1866.0
55,Seven Weeks,Italy,1866,1866.0
55,Seven Weeks,Hesse Grand Ducal,1866,1866.0
55,Seven Weeks,Wuerttemburg,1866,1866.0
55,Seven Weeks,Bavaria,1866,1866.0
55,Seven Weeks,Austria,1866,1866.0
55,Seven Weeks,Germany,1866,1866.0
55,Seven Weeks,Mecklenburg Schwerin,1866,1866.0
55,Seven Weeks,Hesse Electoral,1866,1866.0
55,Seven Weeks,Saxony,1866,1866.0
55,Seven Weeks,Baden,1866,1866.0
55,Seven Weeks,Hanover,1866,1866.0
58,Franco-Prussian,Wuerttemburg,1870,1870.0
58,Franco-Prussian,Baden,1870,1870.0
58,Franco-Prussian,Germany,1870,1871.0
58,Franco-Prussian,Bavaria,1870,1870.0
58,Franco-Prussian,France,1870,1871.0
60,First Central American,Guatemala,1876,1876.0
60,First Central American,El Salvador,1876,1876.0
61,Second Russo-Turkish,Turkey,1877,1878.0
61,Second Russo-Turkish,Russia,1877,1878.0
64,War of the Pacific,Chile,1879,1883.0
64,War of the Pacific,Peru,1879,1883.0
64,War of the Pacific,Bolivia,1879,1883.0
65,Conquest of Egypt,Egypt,1882,1882.0
65,Conquest of Egypt,United Kingdom,1882,1882.0
67,Sino-French,France,1884,1885.0
67,Sino-French,China,1884,1885.0
70,Second Central American,El Salvador,1885,1885.0
70,Second Central American,Guatemala,1885,1885.0
73,First Sino-Japanese,China,1894,1895.0
73,First Sino-Japanese,Japan,1894,1895.0
76,Greco-Turkish,Greece,1897,1897.0
76,Greco-Turkish,Turkey,1897,1897.0
79,Spanish-American,Spain,1898,1898.0
79,Spanish-American,United States of America,1898,1898.0
82,Boxer Rebellion,Russia,1900,1900.0
82,Boxer Rebellion,Japan,1900,1900.0
82,Boxer Rebellion,United States of America,1900,1900.0
82,Boxer Rebellion,China,1900,1900.0
82,Boxer Rebellion,United Kingdom,1900,1900.0
82,Boxer Rebellion,France,1900,1900.0
83,Sino-Russian,Russia,1900,1900.0
83,Sino-Russian,China,1900,1900.0
85,Russo-Japanese,Japan,1904,1905.0
85,Russo-Japanese,Russia,1904,1905.0
88,Third Central American,Honduras,1906,1906.0
88,Third Central American,El Salvador,1906,1906.0
88,Third Central American,Guatemala,1906,1906.0
91,Fourth Central American,Nicaragua,1907,1907.0
91,Fourth Central American,El Salvador,1907,1907.0
91,Fourth Central American,Honduras,1907,1907.0
94,Second Spanish-Moroccan,Spain,1909,1910.0
94,Second Spanish-Moroccan,Morocco,1909,1910.0
97,Italian-Turkish,Italy,1911,1912.0
97,Italian-Turkish,Turkey,1911,1912.0
100,First Balkan,Turkey,1912,1913.0
100,First Balkan,Greece,1912,1913.0
100,First Balkan,Bulgaria,1912,1912.0
100,First Balkan,Yugoslavia,1912,1912.0
103,Second Balkan,Turkey,1913,1913.0
103,Second Balkan,Yugoslavia,1913,1913.0
103,Second Balkan,Greece,1913,1913.0
103,Second Balkan,Bulgaria,1913,1913.0
103,Second Balkan,Romania,1913,1913.0
106,World War I,Yugoslavia,1914,1918.0
106,World War I,Russia,1914,1917.0
106,World War I,Bulgaria,1915,1918.0
106,World War I,United Kingdom,1914,1918.0
106,World War I,Japan,1914,1918.0
106,World War I,Portugal,1916,1918.0
106,World War I,Turkey,1914,1918.0
106,World War I,Belgium,1914,1918.0
106,World War I,Germany,1914,1918.0
106,World War I,Greece,1917,1918.0
106,World War I,Romania,1916,1917.0
106,World War I,Austria-Hungary,1914,1918.0
106,World War I,France,1914,1918.0
106,World War I,Italy,1915,1918.0
106,World War I,United States of America,1917,1918.0
107,Estonian Liberation,Estonia,1918,1920.0
107,Estonian Liberation,Finland,1918,1920.0
107,Estonian Liberation,Russia,1918,1920.0
108,Latvian Liberation,Germany,1918,1919.0
108,Latvian Liberation,Russia,1918,1920.0
108,Latvian Liberation,Germany,1919,1919.0
108,Latvian Liberation,Estonia,1919,1920.0
108,Latvian Liberation,Latvia,1918,1920.0
109,Russo-Polish,Russia,1919,1920.0
109,Russo-Polish,Poland,1919,1920.0
112,Hungarian Adversaries,Hungary,1919,1919.0
112,Hungarian Adversaries,Czechoslovakia,1919,1919.0
112,Hungarian Adversaries,Romania,1919,1919.0
115,Second Greco-Turkish,Turkey,1919,1922.0
115,Second Greco-Turkish,Greece,1919,1922.0
116,Franco-Turkish,Turkey,1919,1921.0
116,Franco-Turkish,France,1919,1921.0
117,Lithuanian-Polish,Lithuania,1920,1920.0
117,Lithuanian-Polish,Poland,1920,1920.0
118,Manchurian,USSR,1929,1929.0
118,Manchurian,China,1929,1929.0
121,Second Sino-Japanese,Japan,1931,1933.0
121,Second Sino-Japanese,China,1931,1933.0
124,Chaco,Bolivia,1932,1935.0
124,Chaco,Paraguay,1932,1935.0
125,Saudi-Yemeni,Saudi Arabia,1934,1934.0
125,Saudi-Yemeni,Yemen Arab Republic,1934,1934.0
127,Conquest of Ethiopia,Italy,1935,1936.0
127,Conquest of Ethiopia,Ethiopia,1935,1936.0
130,Third Sino-Japanese,China,1937,1941.0
130,Third Sino-Japanese,Japan,1937,1941.0
133,Changkufeng,USSR,1938,1938.0
133,Changkufeng,Japan,1938,1938.0
136,Nomonhan,USSR,1939,1939.0
136,Nomonhan,Mongolia,1939,1939.0
136,Nomonhan,Japan,1939,1939.0
139,World War II,Hungary,1941,1945.0
139,World War II,Belgium,1940,1940.0
139,World War II,France,1940,1941.0
139,World War II,Yugoslavia,1941,1941.0
139,World War II,Finland,1941,1944.0
139,World War II,Norway,1940,1940.0
139,World War II,Canada,1939,1945.0
139,World War II,United States of America,1941,1945.0
139,World War II,United Kingdom,1939,1945.0
139,World War II,Netherlands,1940,1940.0
139,World War II,Italy,1940,1943.0
139,World War II,Romania,1944,1945.0
139,World War II,Romania,1941,1944.0
139,World War II,Bulgaria,1941,1944.0
139,World War II,Bulgaria,1944,1945.0
139,World War II,Greece,1940,1941.0
139,World War II,Brazil,1944,1945.0
139,World War II,Italy,1943,1945.0
139,World War II,Australia,1939,1945.0
139,World War II,New Zealand,1939,1945.0
139,World War II,USSR,1941,1945.0
139,World War II,Germany,1939,1945.0
139,World War II,Poland,1939,1939.0
139,World War II,France,1939,1940.0
139,World War II,Japan,1941,1945.0
139,World War II,Mongolia,1945,1945.0
139,World War II,China,1941,1945.0
139,World War II,South Africa,1939,1945.0
139,World War II,Ethiopia,1941,1941.0
142,Russo-Finnish,Finland,1939,1940.0
142,Russo-Finnish,USSR,1939,1940.0
145,Franco-Thai,France,1940,1941.0
145,Franco-Thai,Thailand,1940,1941.0
147,First Kashmir,India,1947,1949.0
147,First Kashmir,Pakistan,1947,1949.0
148,Arab-Israeli,Israel,1948,1948.0
148,Arab-Israeli,Egypt,1948,1948.0
148,Arab-Israeli,Syria,1948,1948.0
148,Arab-Israeli,Lebanon,1948,1948.0
148,Arab-Israeli,Jordan,1948,1948.0
148,Arab-Israeli,Iraq,1948,1948.0
151,Korean,China,1950,1953.0
151,Korean,Belgium,1951,1953.0
151,Korean,Canada,1950,1953.0
151,Korean,Colombia,1951,1953.0
151,Korean,United Kingdom,1950,1953.0
151,Korean,Netherlands,1951,1953.0
151,Korean,Greece,1951,1953.0
151,Korean,France,1951,1953.0
151,Korean,Turkey,1950,1953.0
151,Korean,Philippines,1950,1953.0
151,Korean,Thailand,1951,1953.0
151,Korean,North Korea,1950,1953.0
151,Korean,Ethiopia,1951,1953.0
151,Korean,Australia,1950,1953.0
151,Korean,South Korea,1950,1953.0
151,Korean,United States of America,1950,1953.0
153,Off-shore Islands,China,1954,1955.0
153,Off-shore Islands,Taiwan,1954,1955.0
155,Sinai War,France,1956,1956.0
155,Sinai War,Israel,1956,1956.0
155,Sinai War,Egypt,1956,1956.0
155,Sinai War,United Kingdom,1956,1956.0
156,Soviet Invasion of Hungary,Hungary,1956,1956.0
156,Soviet Invasion of Hungary,USSR,1956,1956.0
158,IfniWar,France,1958,1958.0
158,IfniWar,Spain,1957,1958.0
158,IfniWar,Morocco,1957,1958.0
159,Taiwan Straits,China (PRC),1958,1958.0
159,Taiwan Straits,Taiwan (ROC),1958,1958.0
160,Assam,India,1962,1962.0
160,Assam,China (PRC),1962,1962.0
163,"Vietnam War, Phase 2",United States of America,1965,1973.0
163,"Vietnam War, Phase 2",Cambodia,1970,1975.0
163,"Vietnam War, Phase 2",South Korea,1965,1973.0
163,"Vietnam War, Phase 2",Philippines,1966,1973.0
163,"Vietnam War, Phase 2",South Vietnam,1965,1975.0
163,"Vietnam War, Phase 2",Vietnam,1965,1975.0
163,"Vietnam War, Phase 2",Thailand,1967,1973.0
163,"Vietnam War, Phase 2",Australia,1965,1972.0
166,Second Kashmir,India,1965,1965.0
166,Second Kashmir,Pakistan,1965,1965.0
169,Six Day War,Israel,1967,1967.0
169,Six Day War,Egypt,1967,1967.0
169,Six Day War,Jordan,1967,1967.0
169,Six Day War,Syria,1967,1967.0
170,"Second Laotian, Phase 2",United States of America,1968,1973.0
170,"Second Laotian, Phase 2",Thailand,1970,1973.0
170,"Second Laotian, Phase 2",Laos,1968,1973.0
170,"Second Laotian, Phase 2",Vietnam,1968,1973.0
172,War of Attrition,Egypt,1969,1970.0
172,War of Attrition,Israel,1969,1970.0
175,Football War,Honduras,1969,1969.0
175,Football War,El Salvador,1969,1969.0
176,Communist Coalition,Vietnam,1970,1971.0
176,Communist Coalition,United States of America,1970,1971.0
176,Communist Coalition,Cambodia,1970,1971.0
176,Communist Coalition,South Vietnam,1970,1971.0
178,Bangladesh,India,1971,1971.0
178,Bangladesh,Pakistan,1971,1971.0
181,Yom Kippur War,Egypt,1973,1973.0
181,Yom Kippur War,Saudi Arabia,1973,1973.0
181,Yom Kippur War,Israel,1973,1973.0
181,Yom Kippur War,Jordan,1973,1973.0
181,Yom Kippur War,Syria,1973,1973.0
181,Yom Kippur War,Iraq,1973,1973.0
184,Turco-Cypriot,Turkey,1974,1974.0
184,Turco-Cypriot,Cyprus,1974,1974.0
186,War over Angola,Cuba,1975,1976.0
186,War over Angola,South Africa,1975,1976.0
186,War over Angola,Democratic Republic of the Congo,1975,1976.0
186,War over Angola,Angola,1975,1976.0
187,"Second Ogaden War, Phase 2",Ethiopia,1977,1978.0
187,"Second Ogaden War, Phase 2",Cuba,1977,1978.0
187,"Second Ogaden War, Phase 2",Somalia,1977,1978.0
189,Vietnamese-Cambodian,Vietnam,1977,1979.0
189,Vietnamese-Cambodian,Cambodia,1977,1979.0
190,Ugandian-Tanzanian,Uganda,1978,1979.0
190,Ugandian-Tanzanian,Tanzania,1978,1979.0
190,Ugandian-Tanzanian,Libya,1979,1979.0
193,Sino-Vietnamese Punitive,China,1979,1979.0
193,Sino-Vietnamese Punitive,Vietnam,1979,1979.0
199,Iran-Iraq,Iraq,1980,1988.0
199,Iran-Iraq,Iran,1980,1988.0
202,Falkland Islands,United Kingdom,1982,1982.0
202,Falkland Islands,Argentina,1982,1982.0
205,War over Lebanon,Israel,1982,1982.0
205,War over Lebanon,Syria,1982,1982.0
207,War over the Aouzou Strip,Chad,1986,1987.0
207,War over the Aouzou Strip,Libya,1986,1987.0
208,Sino-Vietnamese Border War,Vietnam,1987,1987.0
208,Sino-Vietnamese Border War,China,1987,1987.0
211,Gulf War,Kuwait,1990,1991.0
211,Gulf War,United States of America,1991,1991.0
211,Gulf War,Canada,1991,1991.0
211,Gulf War,United Kingdom,1991,1991.0
211,Gulf War,Italy,1991,1991.0
211,Gulf War,Morocco,1991,1991.0
211,Gulf War,Iraq,1990,1991.0
211,Gulf War,Egypt,1991,1991.0
211,Gulf War,Oman,1991,1991.0
211,Gulf War,France,1991,1991.0
211,Gulf War,United Arab Emirates,1991,1991.0
211,Gulf War,Qatar,1991,1991.0
211,Gulf War,Saudi Arabia,1991,1991.0
211,Gulf War,Syria,1991,1991.0
215,Bosnian Independence,Croatia,1992,1992.0
215,Bosnian Independence,Bosnia,1992,1992.0
215,Bosnian Independence,Yugoslavia,1992,1992.0
216,Azeri-Armenian,Azerbaijan,1993,1994.0
216,Azeri-Armenian,Armenia,1993,1994.0
217,Cenepa Valley,Ecuador,1995,1995.0
217,Cenepa Valley,Peru,1995,1995.0
219,Badme Border,Eritrea,1998,2000.0
219,Badme Border,Ethiopia,1998,2000.0
221,War for Kosovo,Turkey,1999,1999.0
221,War for Kosovo,Italy,1999,1999.0
221,War for Kosovo,United Kingdom,1999,1999.0
221,War for Kosovo,United States of America,1999,1999.0
221,War for Kosovo,Netherlands,1999,1999.0
221,War for Kosovo,France,1999,1999.0
221,War for Kosovo,Yugoslavia,1999,1999.0
221,War for Kosovo,Germany,1999,1999.0
223,Kargil War,India,1999,1999.0
223,Kargil War,Pakistan,1999,1999.0
225,Invasion of Afghanistan,Canada,2001,2001.0
225,Invasion of Afghanistan,France,2001,2001.0
225,Invasion of Afghanistan,United Kingdom,2001,2001.0
225,Invasion of Afghanistan,United States of America,2001,2001.0
225,Invasion of Afghanistan,Australia,2001,2001.0
225,Invasion of Afghanistan,Afghanistan,2001,2001.0
227,Invasion of Iraq,Australia,2003,2003.0
227,Invasion of Iraq,United Kingdom,2003,2003.0
227,Invasion of Iraq,United States of America,2003,2003.0
227,Invasion of Iraq,Iraq,2003,2003.0
500,First Caucasus,Russia,1818,1822.0
501,Sidon-Damascus,Sidon,1820,1821.0
502,First Two Sicilies,Austria,1821,1821.0
502,First Two Sicilies,Two Sicilies,1820,1821.0
503,Spanish Royalists,Spain,1821,1823.0
505,Sardinian Revolt,Austria,1821,1821.0
505,Sardinian Revolt,Sardinia,1821,1821.0
506,Greek Independence,Ottoman Empire,1821,1828.0
506,Greek Independence,-8,1827,1827.0
506,Greek Independence,-8,1827,1827.0
506,Greek Independence,-8,1827,1828.0
507,Egypt-Mehdi,Egypt,1824,1824.0
508,Janissari Revolt,Ottoman Empire,1826,1826.0
510,Miguelite War,-8,1831,1834.0
510,Miguelite War,Portugal,1828,1834.0
511,First Murid War,Russia,1830,1832.0
512,First Albanian Revolt,Ottoman Empire,1830,1831.0
513,First French Insurrection,France,1830,1830.0
515,Belgian Independence,Netherlands,1830,1830.0
516,Egyptian Taka Expedition,Egypt,1831,1832.0
517,First Polish,Russia,1831,1831.0
518,First Syrian,Ottoman Empire,1831,1832.0
520,First Mexican,Mexico,1832,1832.0
521,Egypt- Palestinian Anti-Conscription Revolt,Palestinians,1834,1834.0
522,First Carlist War,Portugal,1835,1836.0
522,First Carlist War,Spain,1834,1840.0
522,First Carlist War,France,1835,1839.0
522,First Carlist War,United Kingdom,1835,1837.0
523,Second Murid,Russia,1834,1834.0
525,Cabanos Revolt,Brazil,1835,1837.0
526,Farroupilha War,Brazil,1835,1845.0
527,Texan,Mexico,1835,1836.0
528,First Bosnian,Ottoman Empire,1836,1837.0
530,Third Murid,Russia,1836,1852.0
531,Sabinada Rebellion,Brazil,1837,1838.0
532,Druze Rebellion,Egypt & Bashir,1837,1838.0
533,"Second Syrian, Phase 1",Ottoman Empire,1839,1839.0
535,Lebanon Insurgency,Lebanese Maronites,1840,1840.0
536,First Colombian,Colombia,1840,1842.0
537,"Second Syrian, Phase 2",United Kingdom,1840,1840.0
537,"Second Syrian, Phase 2",Ottoman Empire,1840,1840.0
538,"First Argentina War, Phase 2",Argentina,1841,1842.0
540,Second Bosnian,Ottoman Empire,1841,1841.0
541,Triangular Revolt,Mexico,1841,1841.0
542,Karbala Revolt,Ottoman Empire,1842,1843.0
543,First Maronite-Druze,Maronites,1845,1845.0
545,"Mayan Caste War, Phase 1",Mayans,1847,1848.0
546,Second Carlist,Spain,1847,1849.0
547,Second Two Sicilies,Two Sicilies,1848,1848.0
548,First Venezuelan,Venezuela,1848,1849.0
550,Viennese Revolt,Austria,1848,1848.0
551,Milan Five Day Revolt,Austria,1848,1848.0
552,Second French Insurrection,France,1848,1848.0
553,"Mayan Caste War, Phase 2",Mexico,1848,1855.0
554,Hungarian,Austria,1848,1849.0
554,Hungarian,Russia,1849,1849.0
555,First Chilean,Chile,1851,1851.0
556,First Turco-Montenegrin,Ottoman Empire,1852,1853.0
557,First Peru,Peru,1853,1855.0
558,Puebla War,Mexico,1855,1856.0
560,Second Peru,Peru,1856,1858.0
561,Mexican Reform,Mexico,1858,1861.0
562,Second Turco-Montenegrin,Ottoman Empire,1858,1859.0
563,Second Venezuelan/Federalist,Venezuela,1859,1863.0
565,Second Colombian,Colombia,1860,1861.0
566,Second Maronite-Druze,Maronites,1860,1860.0
567,"Taiping Rebellion, Phase 2",China,1860,1866.0
567,"Taiping Rebellion, Phase 2",United Kingdom,1862,1862.0
568,Second Nien Revolt,China,1860,1868.0
570,Miao Revolt Phase 2,China,1860,1872.0
571,Panthay Rebellion Phase 2,China,1860,1872.0
572,U.S. Civil War,United States of America,1861,1865.0
573,Third Buenos Aires,Argentina,1861,1861.0
575,Third Turco-Montenegrin,Turkey,1861,1862.0
576,Tungan Rebellion,China,1862,1873.0
577,Sioux-Minnesota,Santee Sioux,1862,1862.0
578,Bolivan Perez Rebellion,Boliva,1862,1862.0
580,Second Polish,Russia,1863,1864.0
581,Second Argentina,Argentina,1863,1863.0
582,Xinjiang Muslim Revolt,Russia,1871,1871.0
582,Xinjiang Muslim Revolt,China,1864,1871.0
583,First  Cretan,Ottoman Empire,1866,1867.0
585,Yellow Cliff Revolt,China,1866,
586,Third Argentina,Argentina,1866,1867.0
587,Queretaro,Mexico,1867,1867.0
588,Meiji Restoration,Japan,1868,1868.0
590,Third Venezuelan,Venezuela,1868,1868.0
591,Spanish Liberals,Spain,1868,1868.0
592,Guerre des Cacos,Haiti,1869,1869.0
593,Fourth Argentina,Argentina,1870,1871.0
595,Bolivia-Criollos,Bolivia,1870,1871.0
596,Paris Commune,France,1871,1871.0
597,Third Carlist,Spain,1872,1876.0
598,Catonalist Uprising,Spain,1874,1875.0
600,Fifth Argentina,Argentina,1874,1874.0
601,Bosnia & Bulgaria Revolt,Ottoman Empire,1875,1876.0
602,Diaz Revolt,Mexico,1876,1876.0
603,Defeat of Xinjiang Muslims,China,1876,1877.0
605,Third Colombian,Colombia,1876,1877.0
607,Satsuma Rebellion,Japan,1877,1877.0
608,Argentine Indians,Argentina,1879,1880.0
610,Fourth Buenos Aires,Argentina,1880,1880.0
611,Haitian Civil War,Haiti,1883,1884.0
612,Fourth Colombian,Colombia,1884,1885.0
613,Peru's National Problem,Peru,1885,1885.0
616,First Yemen Rebellion,Ottoman Empire,1890,1892.0
617,Second Chilean,Chile,1891,1891.0
618,Zaili-Jinden Revolt,China,1891,1891.0
620,Brazil Federalists,Brazil,1893,1894.0
621,Brazil Naval,Brazil,1893,1894.0
623,Tonghak Rebellion,Japan,1894,1894.0
623,Tonghak Rebellion,Korea,1894,1894.0
625,Third Peru,Peru,1894,1895.0
626,Fifth Colombian,Colombia,1895,1895.0
627,Ecuador Liberals,Ecuador,1895,1895.0
628,First Gansu Muslim,China,1895,1896.0
630,Druze-Turkish,Ottoman Empire,1895,1896.0
631,Second Cretan,Ottoman Empire,1896,1897.0
632,Third Brazil-Canudos,Brazil,1896,1897.0
633,Fourth Venezuelan,Venezuela,1899,1899.0
635,Second Yaqui War,Mexico,1899,1900.0
636,Sixth Colombian (War of the 1000 Days),Colombia,1899,1902.0
638,Fifth Venezuelan,Venezuela,1901,1903.0
640,Ilinden,Ottoman Empire,1903,1903.0
641,First Uruguay,Uruguay,1904,1904.0
642,Second Yemen Rebellion,Ottoman Empire,1904,1906.0
643,Bloody Sunday,Russia,1905,1906.0
645,Romanian Peasant Revolt,Romania,1907,1907.0
646,Overthrow of Abd el-Aziz,France,1907,1908.0
646,Overthrow of Abd el-Aziz,Morocco,1907,1908.0
647,Iranian Constitution War,Russia,1909,1909.0
647,Iranian Constitution War,Iran,1908,1909.0
648,Young Turks Counter-coup,Ottoman Empire,1909,1909.0
650,Second Albanian Revolt,Ottoman Empire,1910,1912.0
651,Asir-Yemen Revolt,Ottoman Empire,1910,1911.0
652,Third Mexican,Mexico,1910,1914.0
656,Paraguay,Paraguay,1911,1912.0
657,First Nationalist,China,1911,1911.0
658,Cuban Black Uprising,Cuba,1912,1912.0
670,Ecuadorian Civil War,Ecuador,1912,1914.0
671,Second Nationalist,China,1913,1913.0
672,China Pai Ling (White Wolf),China,1914,1914.0
673,Fourth Mexican,United States,1915,1917.0
673,Fourth Mexican,Mexico,1914,1920.0
675,Southern China Revolt,China,1916,1918.0
676,Russia-Turkestan,Russia,1916,1917.0
677,Russian Civil War,-8,1919,1919.0
677,Russian Civil War,-8,1918,1920.0
677,Russian Civil War,USSR,1917,1921.0
677,Russian Civil War,-8,1918,1920.0
677,Russian Civil War,-8,1918,1920.0
677,Russian Civil War,-8,1918,1919.0
680,Finnish Civil War,Germany,1918,1918.0
680,Finnish Civil War,-8,1918,1918.0
680,Finnish Civil War,Finland,1918,1918.0
681,Western Ukrainian,Ukraine Poles,1918,1919.0
682,Sparticist Rising,Socialists,1919,
683,Hungary's Red Terror,Hungary,1919,1920.0
685,First Chinese Warlord,Anhui army,1920,1920.0
686,Green Rebellion,USSR,1920,1921.0
687,Gilan Marxists,-8,1920,1921.0
687,Gilan Marxists,Iran,1920,1921.0
688,Italian Fascist,Blackshirts,1920,1922.0
690,Kronstadt Rebellion,USSR,1921,1921.0
691,Bashmachi in Turkestan,USSR,1921,1923.0
692,Second Chinese Warlord,Chihli army,1922,1922.0
693,Agrarian Rising,Bulgaria,1923,1923.0
695,De La Huerta Rebellion,Mexico,1923,1924.0
696,Honduran Conservative,Honduras,1924,1924.0
697,First Afghan Anti-Reform,Afghanistan,1924,1925.0
698,Third Chinese Warlord,Feng Yu-Lxiang army,1925,1926.0
700,Chinese Northern Expedition,War Lord Gov't.,1926,1928.0
700,Chinese Northern Expedition,-8,1927,1928.0
701,Cristeros Revolt,Mexico,1926,1929.0
702,Ethiopian Northern Resistance,Ethiopia,1928,1930.0
703,Second Gansu Muslim,China,1928,1930.0
705,Second Afghan Anti-Reform,Afghanistan,1928,1929.0
706,Intra-Guomindang,China,1929,1930.0
707,Escobar Rebellion,Mexico,1929,1929.0
708,Ikhwan Revolt,Saudi Arabia,1929,1930.0
710,"Chinese Civil War, Phase 1",China,1930,1936.0
711,Xinjiang Muslim Revolt,USSR,1934,1934.0
711,Xinjiang Muslim Revolt,China,1931,1934.0
712,Matanza,El Salvador,1932,1932.0
713,Aprista Revolt,Peru,1932,1932.0
715,Paulista Rebellion,Brazil,1932,1932.0
716,Fukien Revolt,China,1934,1934.0
717,Spanish Miners,Spain,1934,1934.0
718,Spanish Civil War,Spain,1936,1939.0
718,Spanish Civil War,-8,1936,1939.0
718,Spanish Civil War,-8,1936,1939.0
718,Spanish Civil War,-8,1936,1939.0
720,Greek Civil War,United Kingdom,1944,1945.0
720,Greek Civil War,Greece,1944,1945.0
721,Polish Ukrainians,Poland,1945,1947.0
721,Polish Ukrainians,USSR,1945,1947.0
722,Ukrainian Partisans,USSR,1945,1947.0
723,Forest Brethren,USSR,1945,1951.0
725,"Chinese Civil War, Phase 2",China,1946,1950.0
726,Taiwan Revolt,China,1947,1947.0
727,Paraguay,Paraguay,1947,1947.0
728,Yemeni Imamate,Yemen,1948,1948.0
730,Costa Rica,Costa Rica,1948,1948.0
731,"Seventh Colombian ""La Violencia""",Colombia,1948,1958.0
732,First Burmese,Burma,1948,1951.0
733,South Moluccas,Indonesia,1950,1950.0
735,Hukbalahap Rebellion,Philippines,1950,1954.0
737,Bolivia,Bolivia,1952,1952.0
738,Indonesia Darul Islam,Indonesia,1953,1953.0
740,Argentine Military,Argentina,1955,1955.0
741,Tibetan Khamba Rebellion,China,1956,1959.0
742,Indonesian Leftists,Indonesia,1956,1962.0
743,First Lebanese,United States of America,1958,1958.0
743,First Lebanese,Lebanon,1958,1958.0
745,Cuban Revolution,Cuba,1958,1959.0
746,Second Burmese,Burma,1958,1960.0
747,Iraq-Shammar,Iraq,1959,1959.0
748,Vietnam Phase 1,United States of America,1961,1965.0
748,Vietnam Phase 1,"Vietnam, Republic of",1960,1965.0
750,First DRC (Zaire),-8,1960,1960.0
750,First DRC (Zaire),Zaire,1960,1963.0
751,First Laotian,-8,1961,1962.0
751,First Laotian,Laos,1960,1962.0
752,First Iraqi Kurd,Iraq,1961,1963.0
753,Algerian Revolutionaries,Algeria,1962,1963.0
755,North Yemen,Egypt/United Arab Republic,1962,1967.0
755,North Yemen,Yemen Arab Republic,1962,1969.0
756,Second Laotian Phase 1,United States of America,1964,1968.0
756,Second Laotian Phase 1,Laos,1963,1968.0
756,Second Laotian Phase 1,-8,1963,1968.0
757,First Ogaden,-8,1963,1964.0
757,First Ogaden,Ethiopia,1963,1964.0
758,First South Sudan,Sudan,1963,1972.0
760,Second DRC (Jeunesse),Congo,1963,1965.0
761,First Rwanda,Rwanda,1963,1964.0
762,Third DRC (Simba) Rebellion,Belgium,1964,1965.0
762,Third DRC (Simba) Rebellion,Congo,1964,1965.0
763,Zanzibar Arab-African,Zanzibar,1964,1964.0
765,Second Iraqi Kurds,Iraq,1965,1966.0
766,Dominican Republic,United States of America,1965,1965.0
766,Dominican Republic,Dominican Republic,1965,1965.0
767,First West Papua,Indonesia,1965,1969.0
768,First Uganda,Uganda,1966,1966.0
770,First Guatemala,United States,1966,1968.0
770,First Guatemala,Guatemala,1966,1968.0
771,First Chad (FROLINAT) Rebellion,France,1968,1971.0
771,First Chad (FROLINAT) Rebellion,Chad,1966,1971.0
772,Cultural Revolution Phase 1,Red Guard,1967,1967.0
773,Third Burmese,Burma,1967,1980.0
775,Biafra,Nigeria,1967,1970.0
776,Cultural Revolution Phase 2,China,1967,1968.0
777,Third Iraqi Kurds,Iraq,1969,1970.0
778,Naxalite Rebellion,India,1970,1971.0
780,Black September,-8,1970,1970.0
780,Black September,Jordan,1970,1970.0
781,Second Guatemala,Guatemala,1970,1971.0
782,Pakistan-Bengal,Pakistan,1971,1971.0
783,First Sri Lanka-JVP,Sri Lanka,1971,1971.0
785,Khmer Rouge,United States of America,1971,1973.0
785,Khmer Rouge,Cambodia,1971,1975.0
786,First Philippine-Moro,Philippines,1972,1981.0
787,Communist Insurgency,Thailand,1972,1973.0
788,Eritrean Split,ELF,1972,1974.0
789,First Burundi,Burundi,1972,1972.0
790,Philippines-NPA,Philippines,1972,1992.0
791,Rhodesia,Rhodesia,1972,1979.0
792,Baluchi Separatists,Pakistan,1973,1977.0
793,Chilean Coup of 1973,Chile,1973,1973.0
795,Dhofar Rebellion Phase 2,United Kingdom,1973,1975.0
795,Dhofar Rebellion Phase 2,Iran,1973,1975.0
795,Dhofar Rebellion Phase 2,Oman,1973,1975.0
797,Fourth Iraqi Kurds,-8,1974,1975.0
797,Fourth Iraqi Kurds,Iraq,1974,1975.0
798,Eritrean War,Cuba,1976,1978.0
798,Eritrean War,Ethiopia,1975,1978.0
800,Argentine Leftists,Argentina,1975,1977.0
801,Second Lebanese,Maronite militias,1975,1976.0
801,Second Lebanese,Syria,1976,1976.0
802,Second West Papua,Indonesia,1976,1978.0
803,Third Laotian,Laos,1976,1979.0
803,Third Laotian,Vietnam,1976,1979.0
804,Angolan Control,Cuba,1976,1991.0
804,Angolan Control,Angola,1976,1991.0
804,Angolan Control,-8,1976,1989.0
805,Second Ogaden Phase 1,Cuba,1976,1977.0
805,Second Ogaden Phase 1,-8,1976,1977.0
805,Second Ogaden Phase 1,Ethiopia,1976,1977.0
806,East Timorese War Phase 3,Indonesia,1976,1979.0
807,Third Lebanese,Lebanese Forces,1978,1978.0
807,Third Lebanese,-8,1978,1978.0
807,Third Lebanese,Israel,1978,1978.0
808,Second Ogaden Phase 3,Cuba,1978,1980.0
808,Second Ogaden Phase 3,Ethiopia,1978,1980.0
808,Second Ogaden Phase 3,-8,1980,1980.0
809,Third Guatemala,Guatemala,1978,1984.0
810,Saur Revolution,Afghanistan,1978,1978.0
811,Fourth DRC (Shaba),Belgium,1978,1978.0
811,Fourth DRC (Shaba),France,1978,1978.0
811,Fourth DRC (Shaba),DRC,1978,1978.0
812,First Afghan Mujahideen Uprising,Russia,1979,1980.0
812,First Afghan Mujahideen Uprising,Afghanistan,1978,1980.0
813,Overthrow of the Shah,Iran,1978,1979.0
815,Sandinista Rebellion,Nicaragua,1978,1979.0
816,Anti-Khomeini Coalition,Iran,1979,1984.0
817,El Salvador,El Salvador,1979,1992.0
818,Mozambique,Tanzania,1985,1992.0
818,Mozambique,Mozambique,1979,1992.0
818,Mozambique,Zimbabwe,1982,1992.0
820,Second Chad (Habre Revolt),-8,1983,1984.0
820,Second Chad (Habre Revolt),Chad,1980,1984.0
820,Second Chad (Habre Revolt),Libya,1980,1981.0
822,Second Uganda,Uganda,1980,1986.0
823,Nigeria-Muslim,Nigeria,1980,1981.0
825,Hama,Syria,1981,1982.0
826,Tigrean and Eritrean,Ethiopia,1982,1991.0
827,Shining Path,Peru,1982,1992.0
828,Contra War,Nicaragua,1982,1990.0
831,Matabeleland,Zimbabwe,1983,1987.0
832,Fourth Burmese,Burma,1983,1988.0
833,Fourth Lebanese Civil,United States,1983,1984.0
833,Fourth Lebanese Civil,France,1983,1984.0
833,Fourth Lebanese Civil,Lebanon,1983,1984.0
835,First Sri Lanka Tamil,India,1987,1990.0
835,First Sri Lanka Tamil,Sri Lanka,1983,2002.0
836,Second South Sudan,Sudan,1983,1991.0
837,Indian Golden Temple,India,1984,1984.0
838,First Turkish Kurds,Turkey,1984,1986.0
840,Fifth Iraqi  Kurds,-8,1985,1988.0
840,Fifth Iraqi  Kurds,Iraq,1985,1988.0
842,South Yemen,Yemen People's Republic,1986,1986.0
843,Holy Spirit Movement,Uganda,1986,1987.0
845,Second Sri Lanka-JVP,Sri Lanka,1987,1989.0
846,Inkatha-ANC,Inkatha,1987,1994.0
847,Fifth Burmese,Burma,1988,1988.0
848,First Somalia,Somalia,1988,1991.0
850,Fifth Lebanese,-8,1989,1990.0
850,Fifth Lebanese,Lebanon,1989,1990.0
851,Second Afghan Mujahideen Uprising,Afghanistan,1989,2001.0
852,Third Chad (Deby Coup),Chad,1989,1990.0
853,First Aceh,Indonesia,1989,1991.0
854,Bougainville Secession,Papua New Guinea,1989,1992.0
856,Eighth Colombia,Colombia,1989,-7.0
857,First Cambodian Civil War,Cambodia,1989,1991.0
858,Romania,Romania,1989,1989.0
860,First Liberia,Liberia,1989,1990.0
860,First Liberia,Nigeria,1990,1990.0
861,Kashmir Insurgents,India,1990,2005.0
862,Shiite and Kurdish,Iraq,1991,1991.0
863,First Sierra Leone,Sierra Leone,1991,1996.0
864,Croatian Independence,Yugoslavia/Serbia,1991,1992.0
865,Second Turkish Kurds,Turkey,1991,1999.0
866,The SPLA Division (Dinka-Nuer) War,Garang faction,1991,1992.0
868,Jukun-Tiv War,Jukun,1991,1992.0
870,Second Somalia,Nigeria,1992,1995.0
870,Second Somalia,Somalia,1991,1997.0
870,Second Somalia,Pakistan,1992,1995.0
870,Second Somalia,Australia,1992,1995.0
870,Second Somalia,France,1992,1995.0
870,Second Somalia,United States of America,1992,1994.0
870,Second Somalia,Italy,1992,1995.0
871,Georgia,Georgia,1991,1992.0
872,Nagorno-Karabakh,-8,1991,1993.0
872,Nagorno-Karabakh,Azerbaijan,1991,1993.0
873,Dniestrian Independence,Moldova,1991,1992.0
875,Algerian Islamic Front,Algeria,1992,1999.0
876,Tajikistan,Russia,1993,1997.0
876,Tajikistan,Tadzhikistan,1992,1997.0
877,Bosnian-Serb Rebellion,Bosnia,1992,1994.0
877,Bosnian-Serb Rebellion,United States,1995,1995.0
877,Bosnian-Serb Rebellion,-8,1994,1994.0
877,Bosnian-Serb Rebellion,Croatia,1992,1994.0
878,Second Liberia,Liberia,1992,1995.0
878,Second Liberia,Nigeria,1992,1992.0
880,Angolan War of the Cities,Angola,1992,1994.0
881,Second Cambodia Civil,Cambodia,1993,1997.0
882,Abkhazia Revolt,Georgia,1993,1994.0
883,Second Burundi,Burundi,1993,1998.0
885,South Yemeni Secessionist,Yemen,1994,1994.0
886,Second Rwanda,Rwanda,1994,1994.0
888,First Chechnya,Russia,1994,1996.0
890,Iraqi Kurd Internecine,PUK,1994,1995.0
891,Croatia-Krajina War,Croatia,1995,1995.0
892,Third Liberia,Liberia,1996,1996.0
893,Sixth Iraqi Kurds,Iraq,1996,1996.0
895,Fifth DRC,-8,1997,1997.0
895,Fifth DRC,-8,1997,1997.0
895,Fifth DRC,-8,1997,1997.0
895,Fifth DRC,DRC,1996,1997.0
896,Third Rwanda,Rwanda,1997,1998.0
897,First Congo (Brazzaville),-8,1997,1997.0
897,First Congo (Brazzaville),Congo,1997,1997.0
898,Second Sierra Leone,Sierra Leone,1998,1999.0
898,Second Sierra Leone,-8,1998,1999.0
898,Second Sierra Leone,-8,1998,1999.0
898,Second Sierra Leone,-8,1998,1999.0
898,Second Sierra Leone,-8,2000,2000.0
900,Kosovo Independence,Yugoslavia,1998,1999.0
902,Guinea-Bissau Military,Guinea,1998,1998.0
902,Guinea-Bissau Military,Guinea-Bissau,1998,1999.0
902,Guinea-Bissau Military,Senegal,1998,1998.0
905,Africa's World War,Angola,1998,2002.0
905,Africa's World War,Sudan,1998,2002.0
905,Africa's World War,Namibia,1998,2001.0
905,Africa's World War,Zimbabwe,1998,2002.0
905,Africa's World War,-8,1998,2002.0
905,Africa's World War,-8,1998,2002.0
905,Africa's World War,-8,1998,2002.0
905,Africa's World War,Chad,1998,1999.0
905,Africa's World War,Democratic Republic of Congo,1998,2002.0
906,Fourth Chad (Togoimi Revolt),Chad,1998,2000.0
907,Third Angolan,Angola,1998,2002.0
908,Second Congo (Brazzaville),Congo (Brazzaville),1998,1999.0
910,Moluccas Sectarian,Laskar Jihad,1999,2000.0
911,First Nigeria Christian-Muslim,Christian Tarok,1999,2000.0
912,Second Aceh,Indonesia,1999,2002.0
913,Oromo Liberation,Ethiopia,1999,1999.0
915,Second Chechen,Russia,1999,2003.0
916,Second Philippine-Moro,Philippines,2000,2001.0
917,Guinean,Guinea ,2000,2001.0
918,Third Burundi,Burundi,2001,2003.0
920,Fourth Rwanda,Rwanda,2001,2001.0
921,First Nepal Maoist Insurgency,Nepal ,2001,2003.0
922,Fourth Liberian,Liberia,2002,2003.0
923,Ethiopian Anyuaa-Nuer,Anyuaa,2002,2003.0
925,Cote d'Ivoire Military,France,2002,2004.0
925,Cote d'Ivoire Military,Cote d'Ivoire,2002,2004.0
926,Third Philippine-Moro,Phillippines,2003,2003.0
927,Darfur,Sudan,2003,2006.0
930,Third Aceh,Indonesia,2003,2003.0
931,Second Nepal Maoists,Nepal,2003,2006.0
932,Waziristan,United States,2004,2006.0
932,Waziristan,Pakistan,2004,2006.0
933,Second Nigeria Christian-Muslim,Christian Tarok,2004,2004.0
935,First Yemeni Cleric,Yemen,2004,2005.0
936,Philippine Joint Offensive,Phillippines,2005,2006.0
937,Fifth Chad,Chad,2005,2006.0
938,Third Somalia,United States,2007,2007.0
938,Third Somalia,Somalia,2006,2008.0
938,Third Somalia,Ethiopia,2006,2008.0
938,Third Somalia,-8,2006,2008.0
940,Second Sri Lanka Tamil,Sri Lanka,2006,-7.0
941,Second Yemeni Cleric,Yemen,2007,2007.0
500,First Caucasus,"Georgians, Dhagestania, Chechens",1818,1822.0
501,Sidon-Damascus,Damascus & Aleppo,1820,1821.0
502,First Two Sicilies,-8,1821,1821.0
502,First Two Sicilies,Liberals,1820,1821.0
503,Spanish Royalists,Royalists,1821,1823.0
505,Sardinian Revolt,-8,1821,1821.0
505,Sardinian Revolt,Carbonari,1821,1821.0
506,Greek Independence,Greeks,1821,1828.0
506,Greek Independence,United Kingdom,1827,1827.0
506,Greek Independence,France,1827,1827.0
506,Greek Independence,Russia,1827,1828.0
507,Egypt-Mehdi,Mehdi army,1824,1824.0
508,Janissari Revolt,Janissaries,1826,1826.0
510,Miguelite War,United Kingdom,1831,1834.0
510,Miguelite War,Constitutionalists,1828,1834.0
511,First Murid War,Ghazi Muhammad,1830,1832.0
512,First Albanian Revolt,Albanians,1830,1831.0
513,First French Insurrection,Liberals,1830,1830.0
515,Belgian Independence,Belgians,1830,1830.0
516,Egyptian Taka Expedition,Hadendowa,1831,1832.0
517,First Polish,Poles,1831,1831.0
518,First Syrian,Egyptians & Bashir,1831,1832.0
520,First Mexican,Liberals,1832,1832.0
521,Egypt- Palestinian Anti-Conscription Revolt,Egypt,1834,1834.0
522,First Carlist War,-8,1835,1836.0
522,First Carlist War,Carlists,1834,1840.0
522,First Carlist War,-8,1835,1839.0
522,First Carlist War,-8,1835,1837.0
523,Second Murid,Shamil,1834,1834.0
525,Cabanos Revolt,Cabanos,1835,1837.0
526,Farroupilha War,Farrapos,1835,1845.0
527,Texan,Texans,1835,1836.0
528,First Bosnian,Bosnians,1836,1837.0
530,Third Murid,Shamil,1836,1852.0
531,Sabinada Rebellion,Bahian Sabinada,1837,1838.0
532,Druze Rebellion,Druze,1837,1838.0
533,"Second Syrian, Phase 1",Egypt,1839,1839.0
535,Lebanon Insurgency,Amir Bashir & Egypt,1840,1840.0
536,First Colombian,Progressives,1840,1842.0
537,"Second Syrian, Phase 2",-8,1840,1840.0
537,"Second Syrian, Phase 2",Egypt,1840,1840.0
538,"First Argentina War, Phase 2",Unitarios,1841,1842.0
540,Second Bosnian,Bosnians,1841,1841.0
541,Triangular Revolt,Military,1841,1841.0
542,Karbala Revolt,Karbala,1842,1843.0
543,First Maronite-Druze,Druze,1845,1845.0
545,"Mayan Caste War, Phase 1",Yucutan,1847,1848.0
546,Second Carlist,Carlists,1847,1849.0
547,Second Two Sicilies,Liberals,1848,1848.0
548,First Venezuelan,Paez led Conservatives ,1848,1849.0
550,Viennese Revolt,Viennese,1848,1848.0
551,Milan Five Day Revolt,Milan,1848,1848.0
552,Second French Insurrection,Radicals,1848,1848.0
553,"Mayan Caste War, Phase 2",Yucatan Maya,1848,1855.0
554,Hungarian,Hungary,1848,1849.0
554,Hungarian,-8,1849,1849.0
555,First Chilean,Liberals,1851,1851.0
556,First Turco-Montenegrin,Montenegro & Hercegovina,1852,1853.0
557,First Peru,Liberals,1853,1855.0
558,Puebla War,Puebla,1855,1856.0
560,Second Peru,Conservatives,1856,1858.0
561,Mexican Reform,Liberals,1858,1861.0
562,Second Turco-Montenegrin,Montenegrins,1858,1859.0
563,Second Venezuelan/Federalist,Liberals,1859,1863.0
565,Second Colombian,Liberals,1860,1861.0
566,Second Maronite-Druze,Druze,1860,1860.0
567,"Taiping Rebellion, Phase 2",Taipings,1860,1866.0
567,"Taiping Rebellion, Phase 2",-8,1862,1862.0
568,Second Nien Revolt,Niens,1860,1868.0
570,Miao Revolt Phase 2,Miaos,1860,1872.0
571,Panthay Rebellion Phase 2,Muslims (Hui),1860,1872.0
572,U.S. Civil War,Confederacy,1861,1865.0
573,Third Buenos Aires,Buenos Aires,1861,1861.0
575,Third Turco-Montenegrin,Montenegro,1861,1862.0
576,Tungan Rebellion,Muslims  in Sinkiang,1862,1873.0
577,Sioux-Minnesota,Settlers & militia,1862,1862.0
578,Bolivan Perez Rebellion,Gregorio Perez's followers,1862,1862.0
580,Second Polish,Poles,1863,1864.0
581,Second Argentina,Montoneros,1863,1863.0
582,Xinjiang Muslim Revolt,-8,1871,1871.0
582,Xinjiang Muslim Revolt,Muslims,1864,1871.0
583,First  Cretan,Cretans,1866,1867.0
585,Yellow Cliff Revolt,Zhang Jizhong's followers,1866,
586,Third Argentina,Montoneros,1866,1867.0
587,Queretaro,Liberals,1867,1867.0
588,Meiji Restoration,Tokugawa,1868,1868.0
590,Third Venezuelan,Conservatives,1868,1868.0
591,Spanish Liberals,Liberals,1868,1868.0
592,Guerre des Cacos,Black peasants,1869,1869.0
593,Fourth Argentina,Entre Rios Province,1870,1871.0
595,Bolivia-Criollos,Crillos,1870,1871.0
596,Paris Commune,Communards,1871,1871.0
597,Third Carlist,Carlists,1872,1876.0
598,Catonalist Uprising,Rebel cities (cantons),1874,1875.0
600,Fifth Argentina,Mitre led Rebels,1874,1874.0
601,Bosnia & Bulgaria Revolt,Bosnia & Bulgaria,1875,1876.0
602,Diaz Revolt,Rebels,1876,1876.0
603,Defeat of Xinjiang Muslims,Muslims,1876,1877.0
605,Third Colombian,Conservatives,1876,1877.0
607,Satsuma Rebellion,Satsumas,1877,1877.0
608,Argentine Indians,Indians,1879,1880.0
610,Fourth Buenos Aires,Buenos Aires,1880,1880.0
611,Haitian Civil War,Liberals,1883,1884.0
612,Fourth Colombian,Liberals,1884,1885.0
613,Peru's National Problem,Indians,1885,1885.0
616,First Yemen Rebellion,Zaidi Imam,1890,1892.0
617,Second Chilean,Congressists,1891,1891.0
618,Zaili-Jinden Revolt,Zaili & Jindan Sects,1891,1891.0
620,Brazil Federalists,Rio Grande do Sul,1893,1894.0
621,Brazil Naval,Naval Royalists,1893,1894.0
623,Tonghak Rebellion,-8,1894,1894.0
623,Tonghak Rebellion,Tonghak Society,1894,1894.0
625,Third Peru,Liberals,1894,1895.0
626,Fifth Colombian,Liberals,1895,1895.0
627,Ecuador Liberals,liberal caudillos,1895,1895.0
628,First Gansu Muslim,Gansu Muslims,1895,1896.0
630,Druze-Turkish,Druze,1895,1896.0
631,Second Cretan,Cretan Muslims,1896,1897.0
632,Third Brazil-Canudos,Canudos,1896,1897.0
633,Fourth Venezuelan,Castro Led Rebels,1899,1899.0
635,Second Yaqui War,Yaqui Indians,1899,1900.0
636,Sixth Colombian (War of the 1000 Days),Liberals,1899,1902.0
638,Fifth Venezuelan,Matos Led Rebels,1901,1903.0
640,Ilinden,IMRO Rebels,1903,1903.0
641,First Uruguay,Blancos,1904,1904.0
642,Second Yemen Rebellion,Imam Yahya's forces,1904,1906.0
643,Bloody Sunday,Workers/Peasants,1905,1906.0
645,Romanian Peasant Revolt,Peasants,1907,1907.0
646,Overthrow of Abd el-Aziz,-8,1907,1908.0
646,Overthrow of Abd el-Aziz,Mulai el-Hafid,1907,1908.0
647,Iranian Constitution War,-8,1909,1909.0
647,Iranian Constitution War,Constitutionalists,1908,1909.0
648,Young Turks Counter-coup,Anti-government troops,1909,1909.0
650,Second Albanian Revolt,Albania,1910,1912.0
651,Asir-Yemen Revolt,Yemen & Asir Imam Ibn Idris & Sayyid Muhammad,1910,1911.0
652,Third Mexican,Liberals & Radicals,1910,1914.0
656,Paraguay,Radicals,1911,1912.0
657,First Nationalist,Nat. Rel. Alliance,1911,1911.0
658,Cuban Black Uprising,Patri do Indepentente,1912,1912.0
670,Ecuadorian Civil War,Esmeraldas province,1912,1914.0
671,Second Nationalist,Republicans,1913,1913.0
672,China Pai Ling (White Wolf),Pai-Lings,1914,1914.0
673,Fourth Mexican,-8,1915,1917.0
673,Fourth Mexican,Conventionists,1914,1920.0
675,Southern China Revolt,Yunnan Rebels,1916,1918.0
676,Russia-Turkestan,Kirghiz & Kazaks,1916,1917.0
677,Russian Civil War,Finland,1919,1919.0
677,Russian Civil War,Japan,1918,1920.0
677,Russian Civil War,Anti-Bolsheviks,1917,1921.0
677,Russian Civil War,United Kingdom,1918,1920.0
677,Russian Civil War,United States of America,1918,1920.0
677,Russian Civil War,France,1918,1919.0
680,Finnish Civil War,-8,1918,1918.0
680,Finnish Civil War,USSR,1918,1918.0
680,Finnish Civil War,Red Guard,1918,1918.0
681,Western Ukrainian,Ukrainians,1918,1919.0
682,Sparticist Rising,German Freikorps,1919,
683,Hungary's Red Terror,Anti-Communists,1919,1920.0
685,First Chinese Warlord,Chihli & Fengtien,1920,1920.0
686,Green Rebellion,Peasants in Ta,1920,1921.0
687,Gilan Marxists,USSR,1920,1921.0
687,Gilan Marxists,SSRI,1920,1921.0
688,Italian Fascist,Leftists,1920,1922.0
690,Kronstadt Rebellion,Sailors,1921,1921.0
691,Bashmachi in Turkestan,Basmachi/Enver Pasha,1921,1923.0
692,Second Chinese Warlord,Fengtien army,1922,1922.0
693,Agrarian Rising,Agrarian League,1923,1923.0
695,De La Huerta Rebellion,Huerta Led Rebels,1923,1924.0
696,Honduran Conservative,Conservatives,1924,1924.0
697,First Afghan Anti-Reform,Khost rebels (anti-reformists),1924,1925.0
698,Third Chinese Warlord,Chang Tso-lin army,1925,1926.0
700,Chinese Northern Expedition,Guomindang,1926,1928.0
700,Chinese Northern Expedition,Japan,1927,1928.0
701,Cristeros Revolt,Cristeros,1926,1929.0
702,Ethiopian Northern Resistance,Northern Resistance,1928,1930.0
703,Second Gansu Muslim,Gansu Muslims,1928,1930.0
705,Second Afghan Anti-Reform,Habibullah (anti-reformists),1928,1929.0
706,Intra-Guomindang,War Lords,1929,1930.0
707,Escobar Rebellion,Escobar Led Rebels,1929,1929.0
708,Ikhwan Revolt,Ikhwan,1929,1930.0
710,"Chinese Civil War, Phase 1",Communists,1930,1936.0
711,Xinjiang Muslim Revolt,-8,1934,1934.0
711,Xinjiang Muslim Revolt,Central Asian Rebels,1931,1934.0
712,Matanza,Leftists,1932,1932.0
713,Aprista Revolt,Aprista Rebels,1932,1932.0
715,Paulista Rebellion,Paolistas,1932,1932.0
716,Fukien Revolt,19th Route Army,1934,1934.0
717,Spanish Miners,Asturian Miners,1934,1934.0
718,Spanish Civil War,Falange,1936,1939.0
718,Spanish Civil War,Portugal,1936,1939.0
718,Spanish Civil War,Germany,1936,1939.0
718,Spanish Civil War,Italy,1936,1939.0
720,Greek Civil War,-8,1944,1945.0
720,Greek Civil War,Communists,1944,1945.0
721,Polish Ukrainians,UPA,1945,1947.0
721,Polish Ukrainians,-8,1945,1947.0
722,Ukrainian Partisans,UPA,1945,1947.0
723,Forest Brethren,Baltic Guerillas,1945,1951.0
725,"Chinese Civil War, Phase 2",Communists,1946,1950.0
726,Taiwan Revolt,Taiwanese,1947,1947.0
727,Paraguay,Leftists,1947,1947.0
728,Yemeni Imamate,Anti-Imam Coalition,1948,1948.0
730,Costa Rica,National Union Party,1948,1948.0
731,"Seventh Colombian ""La Violencia""",Liberals,1948,1958.0
732,First Burmese,Karens & Communists,1948,1951.0
733,South Moluccas,Moluccans,1950,1950.0
735,Hukbalahap Rebellion,Huks,1950,1954.0
737,Bolivia,Leftists,1952,1952.0
738,Indonesia Darul Islam,Darul Islam,1953,1953.0
740,Argentine Military,Military,1955,1955.0
741,Tibetan Khamba Rebellion,Khamba Tibetans,1956,1959.0
742,Indonesian Leftists,Leftists,1956,1962.0
743,First Lebanese,-8,1958,1958.0
743,First Lebanese,National Front,1958,1958.0
745,Cuban Revolution,Castroites,1958,1959.0
746,Second Burmese,Karens & Communists,1958,1960.0
747,Iraq-Shammar,Shammar Tribe & Pro-WesternOfficers,1959,1959.0
748,Vietnam Phase 1,-8,1961,1965.0
748,Vietnam Phase 1,NLF,1960,1965.0
750,First DRC (Zaire),Belgium,1960,1960.0
750,First DRC (Zaire),Katanga & Leftists,1960,1963.0
751,First Laotian,"Vietnam, Democratic Rep.",1961,1962.0
751,First Laotian,Pathet Lao,1960,1962.0
752,First Iraqi Kurd,Kurds,1961,1963.0
753,Algerian Revolutionaries,ALN,1962,1963.0
755,North Yemen,-8,1962,1967.0
755,North Yemen,Royalists,1962,1969.0
756,Second Laotian Phase 1,-8,1964,1968.0
756,Second Laotian Phase 1,Pathet Lao,1963,1968.0
756,Second Laotian Phase 1,"Vietnam, Democratic Rep.",1963,1968.0
757,First Ogaden,Somalia,1963,1964.0
757,First Ogaden,Ogaden,1963,1964.0
758,First South Sudan,Anya Nya,1963,1972.0
760,Second DRC (Jeunesse),Juenesse warriors,1963,1965.0
761,First Rwanda,Watusi,1963,1964.0
762,Third DRC (Simba) Rebellion,-8,1964,1965.0
762,Third DRC (Simba) Rebellion,Gbenye followers,1964,1965.0
763,Zanzibar Arab-African,Africans,1964,1964.0
765,Second Iraqi Kurds,Kurds,1965,1966.0
766,Dominican Republic,-8,1965,1965.0
766,Dominican Republic,Leftists,1965,1965.0
767,First West Papua,"OPM, West Papua",1965,1969.0
768,First Uganda,Buganda Tribe,1966,1966.0
770,First Guatemala,-8,1966,1968.0
770,First Guatemala,Leftists,1966,1968.0
771,First Chad (FROLINAT) Rebellion,-8,1968,1971.0
771,First Chad (FROLINAT) Rebellion,Frolinat Rebels,1966,1971.0
772,Cultural Revolution Phase 1,Regional military,1967,1967.0
773,Third Burmese,Karens & Communists,1967,1980.0
775,Biafra,Biafrans,1967,1970.0
776,Cultural Revolution Phase 2,Red Guard,1967,1968.0
777,Third Iraqi Kurds,Kurds,1969,1970.0
778,Naxalite Rebellion,Naxalite Marxists,1970,1971.0
780,Black September,Syria,1970,1970.0
780,Black September,Palestinians,1970,1970.0
781,Second Guatemala,Leftists,1970,1971.0
782,Pakistan-Bengal,Bengalis,1971,1971.0
783,First Sri Lanka-JVP,Janatha Vimukthi- JVP,1971,1971.0
785,Khmer Rouge,-8,1971,1973.0
785,Khmer Rouge,Khmer Rouge,1971,1975.0
786,First Philippine-Moro,MNLF Moros,1972,1981.0
787,Communist Insurgency,Communists,1972,1973.0
788,Eritrean Split,EPLF,1972,1974.0
789,First Burundi,Hutu,1972,1972.0
790,Philippines-NPA,NPA,1972,1992.0
791,Rhodesia,Patriotic Front,1972,1979.0
792,Baluchi Separatists,Baluchi Rebels,1973,1977.0
793,Chilean Coup of 1973,Pinochet led military,1973,1973.0
795,Dhofar Rebellion Phase 2,-8,1973,1975.0
795,Dhofar Rebellion Phase 2,-8,1973,1975.0
795,Dhofar Rebellion Phase 2,PFLOAG,1973,1975.0
797,Fourth Iraqi Kurds,Iran,1974,1975.0
797,Fourth Iraqi Kurds,Kurds,1974,1975.0
798,Eritrean War,-8,1976,1978.0
798,Eritrean War,Eritrean Peo. Lib.,1975,1978.0
800,Argentine Leftists,"Montoneros, ERP",1975,1977.0
801,Second Lebanese,Lebanese National Movement,1975,1976.0
801,Second Lebanese,-8,1976,1976.0
802,Second West Papua,"OPR, West Papua",1976,1978.0
803,Third Laotian,Hmong,1976,1979.0
803,Third Laotian,-8,1976,1979.0
804,Angolan Control,-8,1976,1991.0
804,Angolan Control,UNITA,1976,1991.0
804,Angolan Control,South Africa,1976,1989.0
805,Second Ogaden Phase 1,-8,1976,1977.0
805,Second Ogaden Phase 1,Somalia,1976,1977.0
805,Second Ogaden Phase 1,WSLF,1976,1977.0
806,East Timorese War Phase 3,Fretilin,1976,1979.0
807,Third Lebanese,PLO & Shiite militia,1978,1978.0
807,Third Lebanese,Syria,1978,1978.0
807,Third Lebanese,-8,1978,1978.0
808,Second Ogaden Phase 3,-8,1978,1980.0
808,Second Ogaden Phase 3,"Ogaden, WSLF",1978,1980.0
808,Second Ogaden Phase 3,Somalia,1980,1980.0
809,Third Guatemala,The Democratic Front Against Repression (FDCR),1978,1984.0
810,Saur Revolution,Leftist Military,1978,1978.0
811,Fourth DRC (Shaba),-8,1978,1978.0
811,Fourth DRC (Shaba),-8,1978,1978.0
811,Fourth DRC (Shaba),FNLC,1978,1978.0
812,First Afghan Mujahideen Uprising,-8,1979,1980.0
812,First Afghan Mujahideen Uprising,Mujahideen,1978,1980.0
813,Overthrow of the Shah,Anti-Shah Coalition,1978,1979.0
815,Sandinista Rebellion,Sandinistas,1978,1979.0
816,Anti-Khomeini Coalition,Anti-Khmoneini Coalition: Fedayeen Kalq & Kurds,1979,1984.0
817,El Salvador,Salvadorean Democratic Front,1979,1992.0
818,Mozambique,-8,1985,1992.0
818,Mozambique,Renamo,1979,1992.0
818,Mozambique,-8,1982,1992.0
820,Second Chad (Habre Revolt),France,1983,1984.0
820,Second Chad (Habre Revolt),FAN,1980,1984.0
820,Second Chad (Habre Revolt),-8,1980,1981.0
822,Second Uganda,National Resistance Army,1980,1986.0
823,Nigeria-Muslim,Muslim fundamentalists,1980,1981.0
825,Hama,Muslim Brotherhood,1981,1982.0
826,Tigrean and Eritrean,Tigray & Eritrea,1982,1991.0
827,Shining Path,Shining Path & TARM,1982,1992.0
828,Contra War,Contras,1982,1990.0
831,Matabeleland,ZAPU,1983,1987.0
832,Fourth Burmese,Karen & Kachin Rebels,1983,1988.0
833,Fourth Lebanese Civil,-8,1983,1984.0
833,Fourth Lebanese Civil,-8,1983,1984.0
833,Fourth Lebanese Civil,Shi'ites & Druze,1983,1984.0
835,First Sri Lanka Tamil,-8,1987,1990.0
835,First Sri Lanka Tamil,Tamils,1983,2002.0
836,Second South Sudan,SPLA-Garang faction,1983,1991.0
837,Indian Golden Temple,Sikhs,1984,1984.0
838,First Turkish Kurds,"Kurds, PKK",1984,1986.0
840,Fifth Iraqi  Kurds,Iran,1985,1988.0
840,Fifth Iraqi  Kurds,Kurds,1985,1988.0
842,South Yemen,Leftist Factions,1986,1986.0
843,Holy Spirit Movement,HSMF,1986,1987.0
845,Second Sri Lanka-JVP,JVP,1987,1989.0
846,Inkatha-ANC,ANC,1987,1994.0
847,Fifth Burmese,Pro-democracy,1988,1988.0
848,First Somalia,rebel clans,1988,1991.0
850,Fifth Lebanese,Syria,1989,1990.0
850,Fifth Lebanese,militias,1989,1990.0
851,Second Afghan Mujahideen Uprising,Mujahadin,1989,2001.0
852,Third Chad (Deby Coup),Deby's MPS,1989,1990.0
853,First Aceh,GAM,1989,1991.0
854,Bougainville Secession,BRA,1989,1992.0
856,Eighth Colombia,FARC & Drug Lords,1989,-7.0
857,First Cambodian Civil War,Khmer Rouge & KPNFL,1989,1991.0
858,Romania,Anti-Ceaucescu Rebels,1989,1989.0
860,First Liberia,NPFL,1989,1990.0
860,First Liberia,-8,1990,1990.0
861,Kashmir Insurgents,Kashmiri Guerillas,1990,2005.0
862,Shiite and Kurdish,Shiites & Kurds,1991,1991.0
863,First Sierra Leone,RUF,1991,1996.0
864,Croatian Independence,Croatia,1991,1992.0
865,Second Turkish Kurds,"Kurds, PKK",1991,1999.0
866,The SPLA Division (Dinka-Nuer) War,Nuer faction,1991,1992.0
868,Jukun-Tiv War,Tiv,1991,1992.0
870,Second Somalia,-8,1992,1995.0
870,Second Somalia,Aideed Faction,1991,1997.0
870,Second Somalia,-8,1992,1995.0
870,Second Somalia,-8,1992,1995.0
870,Second Somalia,-8,1992,1995.0
870,Second Somalia,-8,1992,1994.0
870,Second Somalia,-8,1992,1995.0
871,Georgia,Reform,1991,1992.0
872,Nagorno-Karabakh,Armenia,1991,1993.0
872,Nagorno-Karabakh,Nagorno-Karabakh,1991,1993.0
873,Dniestrian Independence,Dniestria,1991,1992.0
875,Algerian Islamic Front,Islamic Front,1992,1999.0
876,Tajikistan,-8,1993,1997.0
876,Tajikistan,United Tajik Opposition,1992,1997.0
877,Bosnian-Serb Rebellion,Bosnian Serbs,1992,1994.0
877,Bosnian-Serb Rebellion,-8,1995,1995.0
877,Bosnian-Serb Rebellion,Croatia,1994,1994.0
877,Bosnian-Serb Rebellion,-8,1992,1994.0
878,Second Liberia,NPFL & ULIMO,1992,1995.0
878,Second Liberia,-8,1992,1992.0
880,Angolan War of the Cities,UNITA,1992,1994.0
881,Second Cambodia Civil,Khmer Rouge,1993,1997.0
882,Abkhazia Revolt,Abkhazia,1993,1994.0
883,Second Burundi,Tutsi army,1993,1998.0
885,South Yemeni Secessionist,South Yemen,1994,1994.0
886,Second Rwanda,Patriotic Front,1994,1994.0
888,First Chechnya,Chechnya,1994,1996.0
890,Iraqi Kurd Internecine,KDP,1994,1995.0
891,Croatia-Krajina War,Krajinia Serbs,1995,1995.0
892,Third Liberia,NPFL,1996,1996.0
893,Sixth Iraqi Kurds,PUK,1996,1996.0
895,Fifth DRC,Uganda,1997,1997.0
895,Fifth DRC,Rwanda,1997,1997.0
895,Fifth DRC,Angola,1997,1997.0
895,Fifth DRC,ADFL,1996,1997.0
896,Third Rwanda,Hutu rebels,1997,1998.0
897,First Congo (Brazzaville),Angola,1997,1997.0
897,First Congo (Brazzaville),FDU (Cobra militia),1997,1997.0
898,Second Sierra Leone,Kabbah faction,1998,1999.0
898,Second Sierra Leone,Ghana,1998,1999.0
898,Second Sierra Leone,Nigeria,1998,1999.0
898,Second Sierra Leone,Guinea,1998,1999.0
898,Second Sierra Leone,United Kingdom,2000,2000.0
900,Kosovo Independence,KLA,1998,1999.0
902,Guinea-Bissau Military,-8,1998,1998.0
902,Guinea-Bissau Military,Man� Junta,1998,1999.0
902,Guinea-Bissau Military,-8,1998,1998.0
905,Africa's World War,-8,1998,2002.0
905,Africa's World War,-8,1998,2002.0
905,Africa's World War,-8,1998,2001.0
905,Africa's World War,-8,1998,2002.0
905,Africa's World War,Rwanda,1998,2002.0
905,Africa's World War,Burundi,1998,2002.0
905,Africa's World War,Uganda,1998,2002.0
905,Africa's World War,-8,1998,1999.0
905,Africa's World War,"RCD, MLC, et al",1998,2002.0
906,Fourth Chad (Togoimi Revolt),MDD & MDJT,1998,2000.0
907,Third Angolan,UNITA,1998,2002.0
908,Second Congo (Brazzaville),Ninjas and Cocoye militias,1998,1999.0
910,Moluccas Sectarian,FKM & RMS,1999,2000.0
911,First Nigeria Christian-Muslim,Muslim Fulani,1999,2000.0
912,Second Aceh,GAM,1999,2002.0
913,Oromo Liberation,Oromo Lib. Front,1999,1999.0
915,Second Chechen,Chechnya,1999,2003.0
916,Second Philippine-Moro,MILF,2000,2001.0
917,Guinean,RDFG,2000,2001.0
918,Third Burundi,FNL & FROLINA,2001,2003.0
920,Fourth Rwanda,Army for the Liberation of Rwanda,2001,2001.0
921,First Nepal Maoist Insurgency,CPN,2001,2003.0
922,Fourth Liberian,LURD & MODEL,2002,2003.0
923,Ethiopian Anyuaa-Nuer,Nuer,2002,2003.0
925,Cote d'Ivoire Military,-8,2002,2004.0
925,Cote d'Ivoire Military,"MPCI, MPIGO, MJP",2002,2004.0
926,Third Philippine-Moro,MILF & ASG,2003,2003.0
927,Darfur,SLA & JEM,2003,2006.0
930,Third Aceh,GAM,2003,2003.0
931,Second Nepal Maoists,CPN,2003,2006.0
932,Waziristan,-8,2004,2006.0
932,Waziristan,Waziri tribes,2004,2006.0
933,Second Nigeria Christian-Muslim,Muslim Fulani,2004,2004.0
935,First Yemeni Cleric,Zaidi Muslims,2004,2005.0
936,Philippine Joint Offensive,MILF & NPA,2005,2006.0
937,Fifth Chad,FUDC,2005,2006.0
938,Third Somalia,-8,2007,2007.0
938,Third Somalia,SCIC,2006,2008.0
938,Third Somalia,-8,2006,2008.0
938,Third Somalia,Eritrea,2006,2008.0
940,Second Sri Lanka Tamil,LTTE,2006,-7.0
941,Second Yemeni Cleric,Zaidi Muslims,2007,2007.0
